ID,DEP_NOM,DEP_NUM,FRANCE,FACADE,TYPE,TRANSITION,COMMUNE,POINT,LONG,LAT,QEB_2013,QEB_2014,QEB_2015,QEB_2016,QEB_2017,QEB_2018,QEB_2019,QEB_2020
"1",AIN,"01",Métropole,Métropole,douce,,ANGLEFORT,PLAN D'EAU D'ANGLEFORT,,,,,,,,,5N,5N
"2",AIN,"01",Métropole,Métropole,douce,,BOURG-EN-BRESSE,BOURG EN BRESSE - PLAN D'EAU DU PARC DE LOISIRS DE BOUVENT,5.261290000000000,46.189200000000000,6E,6E,6E,6P,6E,6E,6E,5E
"3",AIN,"01",Métropole,Métropole,douce,,BREGNIER-CORDON,BREGNIER-CORDON - PLAN D'EAU COMMUNAL DE GLANDIEU,5.609480000000000,45.656599999999997,5B,5E,5E,5E,5E,,4E,1N
"4",AIN,"01",Métropole,Métropole,douce,,CHARIX,CHARIX - LAC GENIN,5.696130000000000,46.220199999999998,5E,5E,5E,5E,5E,5E,5E,5E
"5",AIN,"01",Métropole,Métropole,douce,,CHAZEY-SUR-AIN,CHAZEY-SUR-AIN - PLAN D'EAU COMMUNAL EN AVAL DU PONT DE CHAZEY,5.238850000000000,45.902400000000000,5E,5E,5E,5E,5E,5E,5E,5E
"6",AIN,"01",Métropole,Métropole,douce,,CHAZEY-SUR-AIN,CHAZEY-SUR-AIN - RIVE GAUCHE DE L'AIN EN AMONT DU PONT SUR L'AIN,5.233970000000000,45.907899999999998,5E,5E,5E,5E,5E,5E,5E,5E
"7",AIN,"01",Métropole,Métropole,douce,,CORMORANCHE-SUR-SAONE,"CORMORANCHE/SAONE PLAN D'EAU DE LA BASE DE LOISIRS ""LA PIERRE THORION""",4.825200000000000,46.253000000000000,7E,7E,7E,7E,7E,7E,7E,6E
"8",AIN,"01",Métropole,Métropole,douce,,CULOZ,CULOZ - PLAN D'EAU DU CAMPING COMMUNAL,5.792740000000000,45.852100000000000,5E,6E,5E,5E,,,,
"9",AIN,"01",Métropole,Métropole,douce,,DIVONNE-LES-BAINS,DIVONNE-LES-BAINS - LAC DE DIVONNE,6.149460000000000,46.353999999999999,6E,7E,7E,7E,6E,6E,7E,5E
"10",AIN,"01",Métropole,Métropole,douce,,HAUTECOURT-ROMANECHE,HAUTECOURT-ROMANECHE - PLAGE DE L'ILE CHAMBOD RIVIERE D'AIN,5.432370000000000,46.129399999999997,5E,5E,5E,5E,5E,5E,5E,5E
"11",AIN,"01",Métropole,Métropole,douce,,MALAFRETAZ,"MALAFRETAZ - PLAN D'EAU DE LA BASE DE PLEIN AIR ""LA PLAINE TONIQUE""",5.139000000000000,46.340899999999998,6E,6E,6E,7E,7E,7E,7E,7E
"12",AIN,"01",Métropole,Métropole,douce,,MASSIGNIEU-DE-RIVES,"MASSIGNIEU DE RIVES - PLAGE DU ""LIT AU ROI"" CANAL DU RHONE",5.769040000000000,45.768700000000003,6B,5E,5E,5E,5E,5E,5E,5E
"13",AIN,"01",Métropole,Métropole,douce,,MURS-ET-GELIGNIEUX,MURS ET GELIGNIEUX - PLAN D'EAU DU CUCHET CANAL DU RHONE,5.642100000000000,45.637000000000000,5S,5B,5B,5S,,,,
"14",AIN,"01",Métropole,Métropole,douce,,NANTUA,LAC DE NANTUA - PLAGE DE LA COLONNE,,,,,,,,,5N,5N
"15",AIN,"01",Métropole,Métropole,douce,,NANTUA,NANTUA - PLAGE DU STADE NAUTIQUE LAC DE NANTUA,5.597440000000000,46.161499999999997,5E,5E,5E,5E,5E,5E,5E,5E
"16",AIN,"01",Métropole,Métropole,douce,,POIZAT-LALLEYRIAT (LE),PLAN D'EAU DE LE POIZAT - LALLEYRIAT,,,,,,,,,7N,5N
"17",AIN,"01",Métropole,Métropole,douce,,POLLIEU,POLLIEU - PLAGE DU LAC DE BARTERAND,5.746370000000000,45.786799999999999,5E,5E,5E,5E,5E,5E,5E,5E
"18",AIN,"01",Métropole,Métropole,douce,,PONT-D'AIN,PONT D'AIN - RIVE GAUCHE DE L'AIN EN AMONT DU PONT SUR L'AIN,5.338480000000000,46.047800000000002,5E,5E,5E,5E,5E,5E,5E,5E
"19",AIN,"01",Métropole,Métropole,douce,,PONT-DE-VAUX,PONT-DE-VAUX - RIVE GAUCHE DE LA SAONE EN AVAL DU PONT DE FLEURVILLE,4.896950000000000,46.447299999999998,5E,5E,5E,5E,5E,5N,5E,5E
"20",AIN,"01",Métropole,Métropole,douce,,PRIAY,PRIAY - RIVE GAUCHE DE L'AIN EN AMONT DU PONT,5.296510000000000,46.004800000000003,5E,5E,5E,5E,5E,5E,5E,1N
"21",AIN,"01",Métropole,Métropole,douce,,SAINT-MAURICE-DE-GOURDANS,ST-MAURICE-DE-GOURDANS - RIVE DROITE DE L'AIN CAMPING,5.187330000000000,45.807600000000001,5E,5E,5E,5E,5E,5E,5B,5E
"22",AIN,"01",Métropole,Métropole,douce,,SERRIERES-DE-BRIORD,SERRIERES DE BRIORD - PLAGE DU POINT VERT RIVE DROITE DU RHONE,5.426540000000000,45.817300000000003,5S,4B,4B,4B,4B,5B,5B,5E
"23",AIN,"01",Métropole,Métropole,douce,,SEYSSEL,"SEYSSEL - PLAN D'EAU ""LES GOUILLES""",5.833150000000000,45.949300000000001,5E,5E,5E,5E,5E,5E,5E,5E
"24",AIN,"01",Métropole,Métropole,douce,,VAL-REVERMONT,VAL-REVERMONT - PLAN D'EAU DE LA GRANGE DU PIN,5.356210000000000,46.304200000000002,5E,5E,5E,6E,5E,5E,5B,5E
"25",AIN,"01",Métropole,Métropole,douce,,VIRIEU-LE-GRAND,VIRIEU LE GRAND - LAC DE VIRIEU,5.641630000000000,45.829099999999997,5E,5E,5E,5E,5E,5E,5E,5E
"26",AISNE,"02",Métropole,Métropole,douce,,BERNY-RIVIERE,BAIGNADE DU CAMPING,3.136780000000000,49.404299999999999,9E,9E,10E,9E,,,,
"27",AISNE,"02",Métropole,Métropole,douce,,CHAMOUILLE,CENTER PARCS CHAMOUILLE,3.679780000000000,49.465499999999999,4E,5E,5E,5E,6E,6E,7E,8E
"28",AISNE,"02",Métropole,Métropole,douce,,MONAMPTEUIL,BASSIN DE MONAMPTEUIL,3.556140000000000,49.469299999999997,9E,9E,8E,7E,8E,10E,10E,6B
"29",AISNE,"02",Métropole,Métropole,douce,,SAINT-QUENTIN,ÉTANG D ISLE,3.301190000000000,49.842399999999998,5B,6B,5B,5I,5I,8I,8I,
"30",AISNE,"02",Métropole,Métropole,douce,,TERGNIER,LA FRETTE,3.309590000000000,49.647599999999997,8E,8E,8E,7E,8E,9E,8E,6E
"31",ALLIER,"03",Métropole,Métropole,douce,,ISLE-ET-BARDAIS,ETANG DE PIROT,2.796640000000000,46.677999999999997,5E,5E,5E,5E,,,,
"32",ALLIER,"03",Métropole,Métropole,douce,,PIERREFITTE-SUR-LOIRE,PLAN D'EAU COMMUNAL,3.807760000000000,46.506100000000004,5E,5E,5E,5E,5S,3N,1N,1N
"33",ALLIER,"03",Métropole,Métropole,douce,,SAINT-BONNET-TRONCAIS,ETANG DE ST-BONNET,2.688330000000000,46.655200000000001,5B,5E,5E,5E,7S,5I,5I,4I
"34",ALLIER,"03",Métropole,Métropole,douce,,TREIGNAT,ETANG D'HERCULAT,2.365820000000000,46.356400000000001,5E,5E,5E,5E,5E,5E,5E,4E
"35",ALLIER,"03",Métropole,Métropole,douce,,VICHY,PLAGE DES CELESTINS,3.420050000000000,46.119100000000003,7I,5I,8I,8I,5I,7I,9I,10I
"36",ALLIER,"03",Métropole,Métropole,douce,,VIEURE,ETANG DE VIEURE,2.910580000000000,46.504300000000001,5E,5E,5E,5E,5E,5E,5E,5E
"37",ALPES-DE-HAUTE-PROVENCE,"04",Métropole,Métropole,douce,,CASTELLANE,PLAGE DU CHEIRON,6.519940000000000,43.875100000000003,5E,5E,5E,5E,5E,5E,5E,5E
"38",ALPES-DE-HAUTE-PROVENCE,"04",Métropole,Métropole,douce,,ENTREVAUX,CAMPING DU BREC,6.798330000000000,43.961399999999998,7E,6E,6E,6E,6E,6E,6E,7E
"39",ALPES-DE-HAUTE-PROVENCE,"04",Métropole,Métropole,douce,,ESPARRON-DE-VERDON,BOUT DU CHEMIN DES TUILIERES,5.965730000000000,43.728900000000003,6E,5E,5E,6E,6B,5E,5B,5E
"40",ALPES-DE-HAUTE-PROVENCE,"04",Métropole,Métropole,douce,,ESPARRON-DE-VERDON,DEUXIEME ANSE APRES LA BASE NAUTIQUE,5.967090000000000,43.737499999999997,6E,5E,5E,5E,5E,5E,5E,5E
"41",ALPES-DE-HAUTE-PROVENCE,"04",Métropole,Métropole,douce,,ESPARRON-DE-VERDON,PREMIERE ANSE APRES BASE NAUTIQUE,5.968280000000000,43.737000000000002,6E,5E,5E,5E,5E,5E,5E,5E
"42",ALPES-DE-HAUTE-PROVENCE,"04",Métropole,Métropole,douce,,JAUSIERS,PLAN D'EAU DE JAUSIERS,,,,,,,,,5N,9N
"43",ALPES-DE-HAUTE-PROVENCE,"04",Métropole,Métropole,douce,,LAUZET-UBAYE (LE),LE BOUAS,6.335190000000000,44.466000000000001,,5N,5N,5N,5E,5E,5E,5E
"44",ALPES-DE-HAUTE-PROVENCE,"04",Métropole,Métropole,douce,,LAUZET-UBAYE (LE),PLAN D'EAU DU VILLAGE,6.432300000000000,44.428199999999997,5E,5E,5E,5E,5E,5E,5E,5E
"45",ALPES-DE-HAUTE-PROVENCE,"04",Métropole,Métropole,douce,,MANOSQUE,PLAN D'EAU DES VANNADES,5.840710000000000,43.832299999999996,8E,8E,8E,8E,5E,5E,6E,7E
"46",ALPES-DE-HAUTE-PROVENCE,"04",Métropole,Métropole,douce,,MOUSTIERS-SAINTE-MARIE,LA CADENO,6.228900000000000,43.805700000000002,5E,7E,7E,5E,5E,6E,6E,8E
"47",ALPES-DE-HAUTE-PROVENCE,"04",Métropole,Métropole,douce,,MOUSTIERS-SAINTE-MARIE,PONT DU GALETAS,6.246670000000000,43.802900000000001,5E,7E,7E,5E,5E,6E,6E,8E
"48",ALPES-DE-HAUTE-PROVENCE,"04",Métropole,Métropole,douce,,ORAISON,PLAN D'EAU DES BUISSONNADES,5.888040000000000,43.886499999999998,7E,7E,7E,7E,7E,7E,7E,6E
"49",ALPES-DE-HAUTE-PROVENCE,"04",Métropole,Métropole,douce,,PONTIS,COLONIE JEUNESSE AVENIR,6.347650000000000,44.511800000000001,5E,4E,4E,4E,4E,4E,3E,4E
"50",ALPES-DE-HAUTE-PROVENCE,"04",Métropole,Métropole,douce,,SAINT-ANDRE-LES-ALPES,PLAN DU LAC DE CASTILLON,6.516210000000000,43.945200000000000,5E,5E,5E,5E,5E,5E,5E,5B
"51",ALPES-DE-HAUTE-PROVENCE,"04",Métropole,Métropole,douce,,SAINTE-CROIX-DU-VERDON,BAIE DE LA SAUNA,6.134640000000000,43.754199999999997,5E,5E,5E,5E,5E,5E,5E,5E
"52",ALPES-DE-HAUTE-PROVENCE,"04",Métropole,Métropole,douce,,SAINTE-CROIX-DU-VERDON,PLAGE DU VILLAGE,6.153840000000000,43.759700000000002,5E,5E,5E,5E,5E,5E,5E,5E
"53",ALPES-DE-HAUTE-PROVENCE,"04",Métropole,Métropole,douce,,SAINTE-CROIX-DU-VERDON,PLAGE FACE AUX TENNIS,6.157610000000000,43.761000000000003,5E,5E,5E,5E,5E,5E,5E,5E
"54",ALPES-DE-HAUTE-PROVENCE,"04",Métropole,Métropole,douce,,SAINT-JULIEN-DU-VERDON,BASE NAUTIQUE,6.544850000000000,43.912300000000002,6E,5E,5E,5E,5E,5E,5E,5E
"55",ALPES-DE-HAUTE-PROVENCE,"04",Métropole,Métropole,douce,,UBAYE-SERRE-PONCON,PLAGE MUNICIPALE,6.364030000000000,44.458199999999998,5E,5E,5E,5E,5E,5E,5E,5E
"56",HAUTES-ALPES,"05",Métropole,Métropole,douce,,CHORGES,BAIE DE CHANTELOUBE,6.304930000000000,44.512599999999999,5E,5E,5E,5E,5E,5E,5E,5E
"57",HAUTES-ALPES,"05",Métropole,Métropole,douce,,CHORGES,BAIE ST MICHEL,6.326180000000000,44.523099999999999,5E,5E,5B,8E,8E,6B,5B,10E
"58",HAUTES-ALPES,"05",Métropole,Métropole,douce,,CHORGES,LE GRAND PRE - LES TREMOUILLES,6.314020000000000,44.508400000000002,5E,7E,5E,5E,5E,5E,5E,5E
"59",HAUTES-ALPES,"05",Métropole,Métropole,douce,,CROTS,CHANTERENNE,6.454900000000000,44.540300000000002,5E,7E,5E,5E,5E,5E,5E,5E
"60",HAUTES-ALPES,"05",Métropole,Métropole,douce,,CROTS,LES EAUX DOUCES,6.428190000000000,44.531100000000002,5B,5B,5E,5E,5E,5E,5E,5E
"61",HAUTES-ALPES,"05",Métropole,Métropole,douce,,EMBRUN,PLAGE SUD EMBRUN,6.477780000000000,44.548600000000000,5E,5E,5E,5E,5E,5E,5E,10E
"62",HAUTES-ALPES,"05",Métropole,Métropole,douce,,EMBRUN,PLAN D'EAU PLAGE,6.476750000000000,44.550500000000000,5E,5E,5E,5E,7E,5E,5E,10E
"63",HAUTES-ALPES,"05",Métropole,Métropole,douce,,EYGLIERS,PLAGE PLAN D'EAU DES ISCLES - COTE DURANCE,6.608800000000000,44.676299999999998,5E,5E,5E,5E,5E,5E,5E,5E
"64",HAUTES-ALPES,"05",Métropole,Métropole,douce,,EYGLIERS,PLAN D`EAU DES ISCLES - COTE ROUTE NATIONALE,6.611510000000000,44.677199999999999,5E,5E,5E,5E,5E,5E,5E,5E
"65",HAUTES-ALPES,"05",Métropole,Métropole,douce,,GARDE-COLOMBE,DU RIOU,5.768640000000000,44.367400000000004,5E,5E,5E,5E,5E,5E,5E,5E
"66",HAUTES-ALPES,"05",Métropole,Métropole,douce,,PRUNIERES,LE NAUTIC,6.361830000000000,44.526800000000001,,,5N,5N,5N,5E,5E,10E
"67",HAUTES-ALPES,"05",Métropole,Métropole,douce,,PRUNIERES,LE ROUSTOU,6.341150000000000,44.520200000000003,5E,5E,5E,5E,5E,7E,5E,5E
"68",HAUTES-ALPES,"05",Métropole,Métropole,douce,,ROCHEBRUNE,"1"" LAC",6.166660000000000,44.461500000000001,5N,5E,5E,5E,5E,5E,6E,6E
"69",HAUTES-ALPES,"05",Métropole,Métropole,douce,,ROCHEBRUNE,"3"" LAC",6.159440000000000,44.460900000000002,6N,5E,5E,5E,5E,5E,6E,6E
"70",HAUTES-ALPES,"05",Métropole,Métropole,douce,,ROCHE-DE-RAME (LA),PLAGE DU LAC DE LA ROCHE DE RAME,6.582590000000000,44.744599999999998,5E,5E,5E,5E,5E,5E,5E,5E
"71",HAUTES-ALPES,"05",Métropole,Métropole,douce,,ROUSSET,BAIGNADE FLOTTANTE DU BOIS VIEUX,6.275880000000000,44.477600000000002,5E,5E,5E,5E,5E,5E,5E,5E
"72",HAUTES-ALPES,"05",Métropole,Métropole,douce,,SAINT-APOLLINAIRE,LAC DE SAINT APOLLINAIRE,6.346450000000000,44.562600000000003,5E,5E,5E,5E,5E,5E,5E,5E
"73",HAUTES-ALPES,"05",Métropole,Métropole,douce,,SAINT-JULIEN-EN-CHAMPSAUR,PLAN D'EAU DU CHAMPSAUR,6.105940000000000,44.658000000000001,5E,5E,5E,5E,6E,5E,5E,5E
"74",HAUTES-ALPES,"05",Métropole,Métropole,douce,,SALLE-LES-ALPES (LA),PLAN D'EAU DU PONTILLAS,6.553040000000000,44.949100000000001,7E,5E,7E,5E,6E,6E,5E,6E
"75",HAUTES-ALPES,"05",Métropole,Métropole,douce,,SAUZE-DU-LAC (LE),PORT SAINT PIERRE (PLAGE),6.323050000000000,44.466700000000003,5E,5E,5E,5E,5E,5E,5E,5E
"76",HAUTES-ALPES,"05",Métropole,Métropole,douce,,SAVINES-LE-LAC,ADOLESCENTS C.C.A.S.,6.369170000000000,44.518999999999998,5E,5E,5E,5E,5E,5E,5E,5E
"77",HAUTES-ALPES,"05",Métropole,Métropole,douce,,SAVINES-LE-LAC,COMBETTE,6.406790000000000,44.528399999999998,5B,7E,5E,5E,5E,5E,5E,5E
"78",HAUTES-ALPES,"05",Métropole,Métropole,douce,,SAVINES-LE-LAC,G.C.U.,6.379210000000000,44.518700000000003,8E,5E,5E,5E,5E,5E,5E,5E
"79",HAUTES-ALPES,"05",Métropole,Métropole,douce,,SAVINES-LE-LAC,LES EYGOIRES - CAMPING,6.384370000000000,44.520699999999998,5B,5B,5B,5E,5E,5E,5E,5E
"80",HAUTES-ALPES,"05",Métropole,Métropole,douce,,SAVINES-LE-LAC,LES EYGOIRES - RAMPE DE MISE A L'EAU,6.387610000000000,44.520699999999998,5E,5E,5E,5E,5E,5E,5E,5E
"81",HAUTES-ALPES,"05",Métropole,Métropole,douce,,SAVINES-LE-LAC,PLAGE DE LA VOILERIE,6.397680000000000,44.523499999999999,,7N,10E,5E,5E,5E,5E,9E
"82",HAUTES-ALPES,"05",Métropole,Métropole,douce,,VAL BUECH-MEOUGE,LES GORGES DE LA MEOUGE,5.795920000000000,44.276499999999999,5B,5B,5S,5S,5B,6S,5S,9S
"83",HAUTES-ALPES,"05",Métropole,Métropole,douce,,VEYNES,PLAN D'EAU DE VEYNES,5.797710000000000,44.518999999999998,5E,5E,5E,5E,5E,5E,5E,5E
"84",ALPES-MARITIMES,"06",Métropole,MO,mer,NON,ANTIBES,ANTIBES LES PINS EST,7.094520000000000,43.570799999999998,20E,20E,20E,17E,18E,18E,18E,18B
"85",ALPES-MARITIMES,"06",Métropole,MO,mer,NON,ANTIBES,ANTIBES LES PINS OUEST,7.090760000000000,43.570300000000003,20E,20E,20E,17E,18E,18E,18E,18E
"86",ALPES-MARITIMES,"06",Métropole,MO,mer,NON,ANTIBES,CAP D'ANTIBES,7.121750000000000,43.552300000000002,20E,20E,20E,17E,18E,18E,18B,18S
"87",ALPES-MARITIMES,"06",Métropole,MO,mer,NON,ANTIBES,FONTONNE EST,7.125720000000000,43.603000000000002,20E,20E,20E,17E,18E,18E,18E,18E
"88",ALPES-MARITIMES,"06",Métropole,MO,mer,NON,ANTIBES,FONTONNE OUEST,7.125570000000000,43.600400000000000,20E,20E,20E,17E,18E,18E,18E,18E
"89",ALPES-MARITIMES,"06",Métropole,MO,mer,NON,ANTIBES,FORT CARRE,7.125570000000000,43.593200000000003,20E,20E,20E,17E,18E,18E,18E,18E
"90",ALPES-MARITIMES,"06",Métropole,MO,mer,NON,ANTIBES,GAROUPE EST,7.137240000000000,43.554200000000002,20E,20B,20B,17B,18S,18B,18B,18B
"91",ALPES-MARITIMES,"06",Métropole,MO,mer,NON,ANTIBES,GAROUPE OUEST,7.135600000000000,43.554699999999997,20B,20E,20E,17E,18B,18E,18B,18S
"92",ALPES-MARITIMES,"06",Métropole,MO,mer,NON,ANTIBES,GRANDE PLAGE JUAN LES PINS,7.106070000000000,43.569499999999998,20E,20E,20E,17E,18B,18B,18B,18B
"93",ALPES-MARITIMES,"06",Métropole,MO,mer,NON,ANTIBES,LA GRAVETTE,7.129280000000000,43.582900000000002,20E,20B,20B,17S,18I,18I,18I,18I
"94",ALPES-MARITIMES,"06",Métropole,MO,mer,NON,ANTIBES,LA SALIS,7.128660000000000,43.570500000000003,20E,20E,20E,17E,18E,18E,18B,18B
"95",ALPES-MARITIMES,"06",Métropole,MO,mer,NON,ANTIBES,LE PONTEIL,7.125080000000000,43.573399999999999,20B,20B,20B,17B,18S,18S,18I,18S
"96",ALPES-MARITIMES,"06",Métropole,MO,mer,NON,ANTIBES,LES GROULES,7.128860000000000,43.615400000000001,20E,20E,20E,16E,18E,18E,18E,18E
"97",ALPES-MARITIMES,"06",Métropole,MO,mer,NON,ANTIBES,LES ONDES,7.122610000000000,43.555000000000000,20B,20S,20B,17B,18B,18S,17I,18I
"98",ALPES-MARITIMES,"06",Métropole,MO,mer,NON,ANTIBES,LIMITE COMMUNE OUEST,7.087960000000000,43.570200000000000,20E,20E,20E,17E,18E,18E,18B,18B
"99",ALPES-MARITIMES,"06",Métropole,MO,mer,NON,ANTIBES,LIMITE DE COMMUNE EST,7.129700000000000,43.617699999999999,20E,20E,20E,16E,18E,18E,18E,18E
"100",ALPES-MARITIMES,"06",Métropole,MO,mer,NON,ANTIBES,MARINELAND,7.127800000000000,43.611699999999999,20E,20E,20E,16E,18E,18E,18E,18E
"101",ALPES-MARITIMES,"06",Métropole,MO,mer,NON,ANTIBES,PLAGE DU CROUTON,7.117750000000000,43.560699999999997,20E,20B,20B,17B,18S,18B,18S,18S
"102",ALPES-MARITIMES,"06",Métropole,MO,mer,NON,ANTIBES,PONT DULYS,7.103660000000000,43.570500000000003,20E,20E,20E,17E,18B,18B,18S,18S
"103",ALPES-MARITIMES,"06",Métropole,MO,mer,NON,ANTIBES,PONTON COURBET,7.108860000000000,43.568399999999997,20E,20B,20B,17B,18B,18B,18B,18B
"104",ALPES-MARITIMES,"06",Métropole,MO,mer,NON,ANTIBES,PORT GALLICE,7.115560000000000,43.563299999999998,20E,20E,20E,17E,18B,18S,18S,18S
"105",ALPES-MARITIMES,"06",Métropole,MO,mer,NON,ANTIBES,PROMENADE DU SOLEIL,7.111290000000000,43.567799999999998,20E,20B,20B,17B,18B,18B,18S,18S
"106",ALPES-MARITIMES,"06",Métropole,MO,mer,NON,ANTIBES,SQUARE GOULD,7.115060000000000,43.564700000000002,20E,20E,20E,17E,18B,18B,18B,18S
"107",ALPES-MARITIMES,"06",Métropole,MO,mer,NON,BEAULIEU-SUR-MER,FOURMIS,7.331210000000000,43.703299999999999,19E,21B,20S,18S,18I,18S,18S,17S
"108",ALPES-MARITIMES,"06",Métropole,MO,mer,NON,BEAULIEU-SUR-MER,PETITE AFRIQUE,7.338510000000000,43.712200000000003,20E,21E,20E,18E,18E,18E,18B,18B
"109",ALPES-MARITIMES,"06",Métropole,MO,mer,NON,BEAULIEU-SUR-MER,PETITE AFRIQUE EST,7.340110000000000,43.712800000000001,20E,21E,20E,18E,18E,18E,18E,18E
"110",ALPES-MARITIMES,"06",Métropole,MO,mer,NON,CAGNES-SUR-MER,DU PORT,7.174160000000000,43.655700000000003,19E,21E,20E,18E,18E,18E,18E,18E
"111",ALPES-MARITIMES,"06",Métropole,MO,mer,NON,CAGNES-SUR-MER,DE L'ENTREE DU PORT,7.170240000000000,43.656999999999996,19E,21E,20E,18E,18E,18E,18E,18E
"112",ALPES-MARITIMES,"06",Métropole,MO,mer,NON,CAGNES-SUR-MER,DE L'EGLISE,7.167150000000000,43.657200000000003,19E,21E,20E,18E,18E,18E,18E,18E
"113",ALPES-MARITIMES,"06",Métropole,MO,mer,NON,CAGNES-SUR-MER,DE L'HIPPODROME,7.145590000000000,43.644199999999998,19E,21E,20E,18E,18E,18E,18E,18E
"114",ALPES-MARITIMES,"06",Métropole,MO,mer,NON,CAGNES-SUR-MER,HOTEL DE LA SERRE,7.159720000000000,43.653599999999997,19E,21E,20E,18E,18E,18E,18E,18E
"115",ALPES-MARITIMES,"06",Métropole,MO,mer,NON,CAGNES-SUR-MER,GALION,7.162380000000000,43.655700000000003,19E,21E,20E,18E,18E,18E,18E,18E
"116",ALPES-MARITIMES,"06",Métropole,MO,mer,NON,CAGNES-SUR-MER,GRAND LARGE,7.154510000000000,43.652000000000001,19S,19I,19S,18I,18I,7I,0P,0N
"117",ALPES-MARITIMES,"06",Métropole,MO,mer,NON,CAGNES-SUR-MER,MOGADOR,7.157680000000000,43.653700000000001,19E,21E,20E,18E,18E,18E,18E,18E
"118",ALPES-MARITIMES,"06",Métropole,MO,mer,NON,CAGNES-SUR-MER,NEPTUNE,7.153630000000000,43.651200000000003,19B,19B,20S,18S,18S,18B,17S,18S
"119",ALPES-MARITIMES,"06",Métropole,MO,mer,NON,CAGNES-SUR-MER,DU TONNEAU,7.151990000000000,43.650199999999998,19B,20B,20B,18B,18B,18E,18B,18B
"120",ALPES-MARITIMES,"06",Métropole,MO,mer,NON,CANNES,BIJOU,7.035220000000000,43.538699999999999,20E,21B,20E,17E,18B,18E,18B,18B
"121",ALPES-MARITIMES,"06",Métropole,MO,mer,NON,CANNES,CARLTON,7.029160000000000,43.547800000000002,20E,21B,20E,18E,18E,18E,18E,18E
"122",ALPES-MARITIMES,"06",Métropole,MO,mer,NON,CANNES,CHANTIERS NAVALS,6.965750000000000,43.543599999999998,20E,20E,20E,17E,18E,18E,18E,18E
"123",ALPES-MARITIMES,"06",Métropole,MO,mer,NON,CANNES,DU TROU,6.961500000000000,43.541499999999999,20E,21E,20E,17E,18E,18E,18E,18E
"124",ALPES-MARITIMES,"06",Métropole,MO,mer,NON,CANNES,FONT DE VEYRE,6.991810000000000,43.548900000000003,20E,21E,20E,18E,18E,18E,18E,18E
"125",ALPES-MARITIMES,"06",Métropole,MO,mer,NON,CANNES,GABRES,7.031800000000000,43.546100000000003,20B,21B,19B,17B,18B,18B,18B,18B
"126",ALPES-MARITIMES,"06",Métropole,MO,mer,NON,CANNES,GARE MARCHANDISES,6.976130000000000,43.546799999999998,20B,21B,20E,17E,18E,18E,18E,18B
"127",ALPES-MARITIMES,"06",Métropole,MO,mer,NON,CANNES,GAZAGNAIRE,7.039290000000000,43.539200000000001,20E,21E,20E,16E,18E,18E,18E,18B
"128",ALPES-MARITIMES,"06",Métropole,MO,mer,NON,CANNES,GRAND HOTEL,7.025840000000000,43.548800000000000,20E,21B,20E,17E,18E,18E,18E,18E
"129",ALPES-MARITIMES,"06",Métropole,MO,mer,NON,CANNES,ILE STE MARGUERITE EST,7.040200000000000,43.524099999999997,20E,21E,20E,17E,18E,18E,18E,16E
"130",ALPES-MARITIMES,"06",Métropole,MO,mer,NON,CANNES,ILE STE MARGUERITE OUEST,7.037730000000000,43.522799999999997,20E,21E,20E,17E,18E,18E,18E,16E
"131",ALPES-MARITIMES,"06",Métropole,MO,mer,NON,CANNES,MIDI,7.010000000000000,43.548200000000001,20E,21E,20E,18E,18E,18E,18E,17B
"132",ALPES-MARITIMES,"06",Métropole,MO,mer,NON,CANNES,MOURE ROUGE,7.040100000000000,43.541699999999999,20E,21E,20E,16E,18E,18E,18E,18B
"133",ALPES-MARITIMES,"06",Métropole,MO,mer,NON,CANNES,NOUVEAU PALAIS,7.019730000000000,43.549799999999998,19B,20S,18I,17I,18I,18S,18S,18S
"134",ALPES-MARITIMES,"06",Métropole,MO,mer,NON,CANNES,RIOU,7.004780000000000,43.548600000000000,20S,21B,20B,17E,18E,18E,18E,18E
"135",ALPES-MARITIMES,"06",Métropole,MO,mer,NON,CANNES,ROCHERS DE LA BOCCA,6.987120000000000,43.548499999999997,20E,21E,20E,17E,18E,18E,18E,18E
"136",ALPES-MARITIMES,"06",Métropole,MO,mer,NON,CANNES,ST GEORGES,6.999280000000000,43.549100000000003,20E,21E,20E,17E,18E,18E,18E,18E
"137",ALPES-MARITIMES,"06",Métropole,MO,mer,NON,CANNES,SUD AVIATION,6.956270000000000,43.538100000000000,20E,21E,20E,17E,18E,18E,18E,18E
"138",ALPES-MARITIMES,"06",Métropole,MO,mer,NON,CAP-D'AIL,MALA,7.390340000000000,43.722600000000000,20E,21B,20B,18E,18B,18E,18B,18B
"139",ALPES-MARITIMES,"06",Métropole,MO,mer,NON,CAP-D'AIL,MARQUET,7.411450000000000,43.724499999999999,20E,21B,20B,18B,18B,18B,18B,18B
"140",ALPES-MARITIMES,"06",Métropole,MO,mer,NON,CAP-D'AIL,PISSARELLES,7.384550000000000,43.722900000000003,20E,21E,20E,18E,18E,18E,12P,18E
"141",ALPES-MARITIMES,"06",Métropole,MO,mer,NON,EZE,COTE PORT SILVA MARIS,7.351250000000000,43.715899999999998,20E,21B,20B,18B,18B,18E,18E,18B
"142",ALPES-MARITIMES,"06",Métropole,MO,mer,NON,EZE,EST SILVA MARIS,7.352430000000000,43.718800000000002,20B,21B,20S,18S,18S,18E,18E,18E
"143",ALPES-MARITIMES,"06",Métropole,MO,mer,NON,EZE,EZE,7.358950000000000,43.722299999999997,20E,21E,20E,18E,18E,18E,18E,18E
"144",ALPES-MARITIMES,"06",Métropole,MO,mer,NON,EZE,EZE EST,7.366270000000000,43.720799999999997,20E,21E,20E,18E,18E,18E,18E,18B
"145",ALPES-MARITIMES,"06",Métropole,MO,mer,NON,EZE,MARCO POLO,7.352510000000000,43.719700000000003,20B,21E,20E,18E,18E,18B,18B,18B
"146",ALPES-MARITIMES,"06",Métropole,MO,mer,NON,MANDELIEU-LA-NAPOULE,CHATEAU,6.943360000000000,43.523800000000001,19E,21B,20B,18S,17S,18B,18B,18B
"147",ALPES-MARITIMES,"06",Métropole,MO,mer,NON,MANDELIEU-LA-NAPOULE,DAUPHINS,6.951970000000000,43.534700000000001,19E,21E,20E,18E,18E,19E,18E,18B
"148",ALPES-MARITIMES,"06",Métropole,MO,mer,NON,MANDELIEU-LA-NAPOULE,FUON MARINA,6.949090000000000,43.529600000000002,19E,21E,20E,18E,18E,18E,18E,18B
"149",ALPES-MARITIMES,"06",Métropole,MO,mer,NON,MANDELIEU-LA-NAPOULE,LA RAGUE,6.940420000000000,43.518300000000004,19E,21B,20B,18B,18B,18E,18B,18B
"150",ALPES-MARITIMES,"06",Métropole,MO,mer,NON,MANDELIEU-LA-NAPOULE,LA RAGUETTE,6.941330000000000,43.521599999999999,19E,21B,20B,18B,18B,18B,18S,18S
"151",ALPES-MARITIMES,"06",Métropole,MO,mer,NON,MANDELIEU-LA-NAPOULE,ROBINSON,6.949230000000000,43.532600000000002,19E,21B,20E,18E,18B,18E,18B,18B
"152",ALPES-MARITIMES,"06",Métropole,MO,mer,NON,MANDELIEU-LA-NAPOULE,SABLE D'OR,6.950310000000000,43.533200000000001,19E,21B,20E,18E,18E,18E,18E,18B
"153",ALPES-MARITIMES,"06",Métropole,MO,mer,NON,MENTON,BORRIGO,7.494280000000000,43.769700000000000,20B,20B,20B,18B,18B,18E,18E,18B
"154",ALPES-MARITIMES,"06",Métropole,MO,mer,NON,MENTON,CAREI,7.498840000000000,43.771999999999998,20B,20B,20B,17B,18B,18B,18B,18S
"155",ALPES-MARITIMES,"06",Métropole,MO,mer,NON,MENTON,FOSSAN,7.503370000000000,43.774000000000001,19B,21E,20E,17E,18E,18B,18B,18S
"156",ALPES-MARITIMES,"06",Métropole,MO,mer,NON,MENTON,GARAVAN EST,7.523620000000000,43.784799999999997,21B,20E,20E,17E,18E,18E,18E,18E
"157",ALPES-MARITIMES,"06",Métropole,MO,mer,NON,MENTON,GORBIO,7.488660000000000,43.765999999999998,20B,20S,20S,18S,18B,18B,18I,18I
"158",ALPES-MARITIMES,"06",Métropole,MO,mer,NON,MENTON,SABLETTES EST,7.510510000000000,43.780700000000003,21E,21B,20B,17B,18S,18B,18B,18B
"159",ALPES-MARITIMES,"06",Métropole,MO,mer,NON,MENTON,SABLETTES OUEST,7.508160000000000,43.778799999999997,21E,21E,20E,17E,18E,18E,18E,18E
"160",ALPES-MARITIMES,"06",Métropole,MO,mer,NON,NICE,AUBRY LECOMTE,7.233890000000000,43.682800000000000,21E,20E,20E,18E,18E,18E,18E,18E
"161",ALPES-MARITIMES,"06",Métropole,MO,mer,NON,NICE,BAMBOU,7.241100000000000,43.688299999999998,21E,20E,20E,18E,18E,18E,18E,18E
"162",ALPES-MARITIMES,"06",Métropole,MO,mer,NON,NICE,BEAU RIVAGE,7.270610000000000,43.694800000000001,21E,20B,20B,18B,18B,18E,18E,18E
"163",ALPES-MARITIMES,"06",Métropole,MO,mer,NON,NICE,BLUE BEACH,7.260910000000000,43.694400000000002,21B,20B,20B,18B,18E,18E,18E,18E
"164",ALPES-MARITIMES,"06",Métropole,MO,mer,NON,NICE,CARRAS,7.231750000000000,43.680000000000000,21E,20B,20B,18B,18E,18E,18E,18B
"165",ALPES-MARITIMES,"06",Métropole,MO,mer,NON,NICE,CASTEL,7.276660000000000,43.694800000000001,21E,20B,20B,18B,18E,18E,18E,18E
"166",ALPES-MARITIMES,"06",Métropole,MO,mer,NON,NICE,CENTENAIRE,7.268160000000000,43.694699999999997,20I,20B,20E,18E,18E,18E,18B,18B
"167",ALPES-MARITIMES,"06",Métropole,MO,mer,NON,NICE,COCO BEACH,7.293880000000000,43.688099999999999,21E,18E,20E,18E,18E,18E,18B,18B
"168",ALPES-MARITIMES,"06",Métropole,MO,mer,NON,NICE,FABRON,7.238330000000000,43.686599999999999,21E,20E,20E,18E,18E,18E,18E,18B
"169",ALPES-MARITIMES,"06",Métropole,MO,mer,NON,NICE,FLORIDA,7.253010000000000,43.692700000000002,21E,20E,20E,18E,18E,18E,18E,18E
"170",ALPES-MARITIMES,"06",Métropole,MO,mer,NON,NICE,FORUM,7.256510000000000,43.693700000000000,21E,20B,19B,18B,18E,18E,18E,18E
"171",ALPES-MARITIMES,"06",Métropole,MO,mer,NON,NICE,GALION,7.266440000000000,43.694800000000001,21B,20B,20B,18B,18E,18E,18E,18E
"172",ALPES-MARITIMES,"06",Métropole,MO,mer,NON,NICE,LANTERNE,7.230770000000000,43.678199999999997,21B,20S,20S,18S,18B,18B,18B,18B
"173",ALPES-MARITIMES,"06",Métropole,MO,mer,NON,NICE,LA PAIOLLE,7.281890000000000,43.692999999999998,21E,20B,20B,18E,,,,
"174",ALPES-MARITIMES,"06",Métropole,MO,mer,NON,NICE,LA RESERVE,7.292590000000000,43.691099999999999,21E,18B,20B,18E,18B,18B,18B,18B
"175",ALPES-MARITIMES,"06",Métropole,MO,mer,NON,NICE,LENVAL,7.243870000000000,43.689799999999998,21E,20E,20E,18E,18E,18E,18E,18E
"176",ALPES-MARITIMES,"06",Métropole,MO,mer,NON,NICE,LIDO,7.263330000000000,43.694600000000001,21B,20B,20B,18B,18E,18E,18E,18E
"177",ALPES-MARITIMES,"06",Métropole,MO,mer,NON,NICE,MAGNAN,7.246730000000000,43.690899999999999,21E,20B,20B,18E,18E,18E,18E,18E
"178",ALPES-MARITIMES,"06",Métropole,MO,mer,NON,NICE,MILITAIRE,7.289390000000000,43.693500000000000,21B,20S,19S,18S,18S,18B,18S,18S
"179",ALPES-MARITIMES,"06",Métropole,MO,mer,NON,NICE,NEPTUNE,7.258710000000000,43.694000000000003,21B,20B,19B,18B,18E,18E,18E,18E
"180",ALPES-MARITIMES,"06",Métropole,MO,mer,NON,NICE,OPERA,7.272770000000000,43.694899999999997,21E,20B,20E,18E,18E,18E,18E,18E
"181",ALPES-MARITIMES,"06",Métropole,MO,mer,NON,NICE,PAILLON EPI,7.268950000000000,43.694600000000001,21S,20B,19B,18B,18E,18E,18B,18B
"182",ALPES-MARITIMES,"06",Métropole,MO,mer,NON,NICE,POINCARE,7.251410000000000,43.692100000000003,21E,20E,20E,18E,18E,18E,18E,18E
"183",ALPES-MARITIMES,"06",Métropole,MO,mer,NON,NICE,RUHL,7.265440000000000,43.694800000000001,21B,20B,20B,18B,18E,18E,18E,18E
"184",ALPES-MARITIMES,"06",Métropole,MO,mer,NON,NICE,SAINTE-HELENE,7.236770000000000,43.685299999999998,21B,20B,20E,18E,18E,18E,18E,18E
"185",ALPES-MARITIMES,"06",Métropole,MO,mer,NON,NICE,SPORTING,7.262040000000000,43.694499999999998,21E,20B,20B,18E,18E,18E,18E,18E
"186",ALPES-MARITIMES,"06",Métropole,MO,mer,NON,NICE,VOILIER,7.254900000000000,43.693100000000001,21E,20E,20E,18E,18E,18E,18E,18E
"187",ALPES-MARITIMES,"06",Métropole,MO,mer,NON,ROQUEBRUNE-CAP-MARTIN,BEACH,7.442220000000000,43.750599999999999,20E,21E,20E,17E,18E,18E,18E,18E
"188",ALPES-MARITIMES,"06",Métropole,MO,mer,NON,ROQUEBRUNE-CAP-MARTIN,BERTELO,7.451530000000000,43.757399999999997,20E,21E,20E,17E,18E,18E,18E,18E
"189",ALPES-MARITIMES,"06",Métropole,MO,mer,NON,ROQUEBRUNE-CAP-MARTIN,BON VOYAGE,7.448070000000000,43.753500000000003,20E,20E,20E,15P,18E,18E,16P,18E
"190",ALPES-MARITIMES,"06",Métropole,MO,mer,NON,ROQUEBRUNE-CAP-MARTIN,CABBE,7.458590000000000,43.759999999999998,20E,21E,20E,17E,18E,18E,18E,18E
"191",ALPES-MARITIMES,"06",Métropole,MO,mer,NON,ROQUEBRUNE-CAP-MARTIN,COTE OUEST,7.453500000000000,43.758600000000001,20E,21E,20E,17E,18E,18E,18E,18E
"192",ALPES-MARITIMES,"06",Métropole,MO,mer,NON,ROQUEBRUNE-CAP-MARTIN,GOLFE BLEU,7.455710000000000,43.759000000000000,20E,21E,20E,17E,18E,18E,18E,18E
"193",ALPES-MARITIMES,"06",Métropole,MO,mer,NON,ROQUEBRUNE-CAP-MARTIN,LA BUSE,7.461550000000000,43.760700000000000,20E,21E,20E,16E,18E,18E,18E,18E
"194",ALPES-MARITIMES,"06",Métropole,MO,mer,NON,ROQUEBRUNE-CAP-MARTIN,L'ARME,7.439560000000000,43.749499999999998,20E,20E,20E,17E,18E,18E,18E,18B
"195",ALPES-MARITIMES,"06",Métropole,MO,mer,NON,ROQUEBRUNE-CAP-MARTIN,LES SIRENES,7.482340000000000,43.757899999999999,20B,21B,20S,17S,18S,18S,18S,18S
"196",ALPES-MARITIMES,"06",Métropole,MO,mer,NON,ROQUEBRUNE-CAP-MARTIN,ROQUEBRUNE,7.484540000000000,43.761699999999998,20E,21E,20E,17E,18E,18E,18E,18B
"197",ALPES-MARITIMES,"06",Métropole,MO,mer,NON,ROQUEBRUNE-CAP-MARTIN,SOLENZARA,7.486230000000000,43.763100000000001,20E,21E,20E,17E,18E,18E,18E,18B
"198",ALPES-MARITIMES,"06",Métropole,MO,mer,NON,SAINT-JEAN-CAP-FERRAT,ESPALMADOR,7.325400000000000,43.700299999999999,21B,20B,20B,17B,18B,18B,18B,20B
"199",ALPES-MARITIMES,"06",Métropole,MO,mer,NON,SAINT-JEAN-CAP-FERRAT,FOSSES,7.336160000000000,43.686700000000002,21E,20E,20E,17B,18B,18B,18B,19S
"200",ALPES-MARITIMES,"06",Métropole,MO,mer,NON,SAINT-JEAN-CAP-FERRAT,FOSSETTES,7.339620000000000,43.686000000000000,21E,20E,20E,17E,18B,18E,18B,19B
"201",ALPES-MARITIMES,"06",Métropole,MO,mer,NON,SAINT-JEAN-CAP-FERRAT,NOUVEAU PORT,7.333650000000000,43.692200000000000,20E,20E,20E,17E,18B,18S,18S,19S
"202",ALPES-MARITIMES,"06",Métropole,MO,mer,NON,SAINT-JEAN-CAP-FERRAT,PALOMA,7.342440000000000,43.686399999999999,21E,20B,20B,17B,18B,18B,18B,19S
"203",ALPES-MARITIMES,"06",Métropole,MO,mer,NON,SAINT-JEAN-CAP-FERRAT,PASSABLE,7.325420000000000,43.693600000000004,21B,20S,20S,17S,18I,18I,18I,20I
"204",ALPES-MARITIMES,"06",Métropole,MO,mer,NON,SAINT-LAURENT-DU-VAR,BEACH CLUB,7.187260000000000,43.657600000000002,22B,21E,20E,16E,19E,18B,18B,18B
"205",ALPES-MARITIMES,"06",Métropole,MO,mer,NON,SAINT-LAURENT-DU-VAR,COUSTEAU,7.196660000000000,43.657200000000003,21I,19S,19B,17B,19S,18I,16I,17I
"206",ALPES-MARITIMES,"06",Métropole,MO,mer,NON,SAINT-LAURENT-DU-VAR,LANSBERG,7.193210000000000,43.657899999999998,22I,17S,19I,18I,19I,18I,17I,19N
"207",ALPES-MARITIMES,"06",Métropole,MO,mer,NON,SAINT-LAURENT-DU-VAR,LES FLOTS BLEUS,7.190500000000000,43.657699999999998,22S,19I,20B,18S,19S,18S,18I,18S
"208",ALPES-MARITIMES,"06",Métropole,MO,mer,NON,SAINT-LAURENT-DU-VAR,LES VESPINS (ex LIMITE COMMUNE ),7.178790000000000,43.655999999999999,19B,21S,20B,18B,18B,18B,18B,18E
"209",ALPES-MARITIMES,"06",Métropole,MO,mer,NON,THEOULE-SUR-MER,CHATEAU (ex Est Marco Polo),6.940070000000000,43.508800000000001,19E,21B,20E,17E,18B,18E,18E,18E
"210",ALPES-MARITIMES,"06",Métropole,MO,mer,NON,THEOULE-SUR-MER,LA FIGUEIRETTE,6.932160000000000,43.484400000000001,19E,21E,20E,17E,17B,18E,18B,18E
"211",ALPES-MARITIMES,"06",Métropole,MO,mer,NON,THEOULE-SUR-MER,LA GARE,6.937350000000000,43.514400000000002,19E,21E,20E,17E,17E,18E,18E,15B
"212",ALPES-MARITIMES,"06",Métropole,MO,mer,NON,THEOULE-SUR-MER,POINTE DE L'AIGUILLE,6.951200000000000,43.505600000000001,19E,21E,20E,17E,18E,18E,18E,18E
"213",ALPES-MARITIMES,"06",Métropole,MO,mer,NON,THEOULE-SUR-MER,SUVERET,6.937570000000000,43.509399999999999,19E,21E,20B,17E,18B,18E,18E,18E
"214",ALPES-MARITIMES,"06",Métropole,MO,mer,NON,THEOULE-SUR-MER,VALLON DE L'AUTEL (ex. Marco Polo),6.943160000000000,43.506700000000002,19B,21B,20B,17E,18B,18E,18E,19B
"215",ALPES-MARITIMES,"06",Métropole,MO,mer,,VALLAURIS,MIRANDOLE,,,,,,,,,,17I
"216",ALPES-MARITIMES,"06",Métropole,MO,mer,NON,VALLAURIS,BARRAYA,7.070730000000000,43.564100000000003,20B,21B,20B,18B,18B,18B,18B,18S
"217",ALPES-MARITIMES,"06",Métropole,MO,mer,NON,VALLAURIS,JEUNES,7.067600000000000,43.561900000000001,20B,21B,20B,17B,18B,18E,18B,18S
"218",ALPES-MARITIMES,"06",Métropole,MO,mer,NON,VALLAURIS,MIDI CENTRE,7.084230000000000,43.569699999999997,20E,20E,20E,18E,18B,18E,18E,18B
"219",ALPES-MARITIMES,"06",Métropole,MO,mer,NON,VALLAURIS,MIDI EST,7.084840000000000,43.569699999999997,20B,20B,20E,18B,18E,18E,18E,18B
"220",ALPES-MARITIMES,"06",Métropole,MO,mer,NON,VALLAURIS,MIDI OUEST,7.083310000000000,43.568800000000003,20E,20E,20E,18E,18E,18E,18E,18E
"221",ALPES-MARITIMES,"06",Métropole,MO,mer,NON,VALLAURIS,PASCALIN,7.068580000000000,43.563099999999999,20E,21E,20E,17E,18E,18E,18E,18B
"222",ALPES-MARITIMES,"06",Métropole,MO,mer,NON,VALLAURIS,POSTE C.R.S,7.072000000000000,43.564399999999999,20E,21B,20B,18B,18B,18B,18B,18S
"223",ALPES-MARITIMES,"06",Métropole,MO,mer,NON,VALLAURIS,TETOU,7.069790000000000,43.563600000000001,20E,21E,20E,17E,18E,18E,18E,18B
"224",ALPES-MARITIMES,"06",Métropole,MO,mer,NON,VILLEFRANCHE-SUR-MER,JEUNES,7.320550000000000,43.704300000000003,21B,20E,20B,17E,18B,18B,18B,18S
"225",ALPES-MARITIMES,"06",Métropole,MO,mer,NON,VILLEFRANCHE-SUR-MER,LA DARSE,7.307550000000000,43.696599999999997,21E,20E,20E,17E,18B,18E,18B,18B
"226",ALPES-MARITIMES,"06",Métropole,MO,mer,NON,VILLEFRANCHE-SUR-MER,MARINIERES,7.315290000000000,43.706800000000001,21E,20S,20S,17I,18S,18B,18B,18B
"227",ALPES-MARITIMES,"06",Métropole,MO,mer,NON,VILLEFRANCHE-SUR-MER,OUEST,7.318910000000000,43.706600000000002,21E,20B,20E,17B,18B,18B,18B,18B
"228",ALPES-MARITIMES,"06",Métropole,MO,mer,,VILLENEUVE-LOUBET,MARINA,,,,,,,18E,18E,18E,18E
"229",ALPES-MARITIMES,"06",Métropole,MO,mer,NON,VILLENEUVE-LOUBET,CENTRE NAUTIQUE (ex poste de secours n°1),7.142090000000000,43.639000000000003,20E,20E,20E,17E,18E,18E,18E,18E
"230",ALPES-MARITIMES,"06",Métropole,MO,mer,NON,VILLENEUVE-LOUBET,LA BATTERIE (ex pierre au tambour),7.136490000000000,43.631300000000003,20E,20E,20E,17E,18E,18E,18E,18E
"231",ALPES-MARITIMES,"06",Métropole,MO,mer,NON,VILLENEUVE-LOUBET,LA FIGHIERE (ex la batterie),7.140170000000000,43.636099999999999,20E,20B,20E,17E,18E,18E,18E,18E
"232",ALPES-MARITIMES,"06",Métropole,MO,mer,NON,VILLENEUVE-LOUBET,LOUP,7.143420000000000,43.641399999999997,19B,19B,20B,17B,18B,18B,18B,18B
"233",ALPES-MARITIMES,"06",Métropole,MO,mer,NON,VILLENEUVE-LOUBET,MAURETTES (ex poste de secours n° 2),7.134700000000000,43.627800000000001,20E,20E,20E,16E,18E,18E,18E,18E
"234",ALPES-MARITIMES,"06",Métropole,MO,mer,NON,VILLENEUVE-LOUBET,VAUGRENIER,7.133000000000000,43.624299999999998,20E,20E,20E,16E,18E,18E,18E,18E
"235",ARDECHE,"07",Métropole,Métropole,douce,,ARCENS,L'EYSSE A LA PLAGE D'ARCENS,4.325130000000000,44.900100000000002,4B,5B,5B,4B,5B,5B,5B,5E
"236",ARDECHE,"07",Métropole,Métropole,douce,,BALAZUC,L'ARDECHE AU PONT DE BALAZUC,4.370960000000000,44.511499999999998,5I,4I,5I,5I,5B,5E,5E,5E
"237",ARDECHE,"07",Métropole,Métropole,douce,,BERRIAS-ET-CASTELJAU,LE CHASSEZAC A LA PLAGE DE CHAULET,4.216630000000000,44.405500000000004,5E,4E,5E,5E,5E,5E,5E,5E
"238",ARDECHE,"07",Métropole,Métropole,douce,,BERRIAS-ET-CASTELJAU,LE CHASSEZAC A LA PLAGE DE MAZET,4.200130000000000,44.396999999999998,5B,4B,5B,5B,5B,5E,5E,5E
"239",ARDECHE,"07",Métropole,Métropole,douce,,CHAMBONAS,LE CHASSEZAC AU PONT DU NASSIER,1.292500000000000,44.423299999999998,,,5N,5N,5N,5E,5E,5E
"240",ARDECHE,"07",Métropole,Métropole,douce,,CHASSIERS,LA LIGNE AU CAMPING LES RANCHISSES,4.285040000000000,44.561399999999999,5S,4I,5I,5I,5I,5S,5S,8E
"241",ARDECHE,"07",Métropole,Métropole,douce,,CHAUZON,L'ARDECHE A LA PLAGE PRIVEE ISLA COOL DOUCE,4.350070000000000,44.475000000000001,5E,4E,5E,5E,5B,5I,5S,5S
"242",ARDECHE,"07",Métropole,Métropole,douce,,CHEYLARD (LE),L'EYRIEUX A LA PLAGE DU CHAMBAUD,,,5N,5N,5I,5I,5I,5B,5E,5E
"243",ARDECHE,"07",Métropole,Métropole,douce,,COUCOURON,LE LAC DE COUCOURON,3.960510000000000,44.803600000000003,5E,5E,5E,5E,5E,5E,5E,5E
"244",ARDECHE,"07",Métropole,Métropole,douce,,DESAIGNES,LE DOUX A LA PLAGE DES SALINS,4.512640000000000,44.998600000000003,5E,4E,5E,5E,5B,5E,5E,5E
"245",ARDECHE,"07",Métropole,Métropole,douce,,DEVESSET,LE LAC DE DEVESSET,4.393960000000000,45.051600000000001,5E,5E,5E,5E,5E,5E,5E,5E
"246",ARDECHE,"07",Métropole,Métropole,douce,,DORNAS,LA DORNE A LA PLAGE DE LA GANDOLE,4.345650000000000,44.850000000000001,5I,5I,5I,5I,5I,5B,5E,5N
"247",ARDECHE,"07",Métropole,Métropole,douce,,DUNIERE-SUR-EYRIEUX,L'EYRIEUX AU LIEU DIT CELAS,4.663650000000000,44.821399999999997,5B,5B,5E,5B,5B,5B,5B,5B
"248",ARDECHE,"07",Métropole,Métropole,douce,,GLUIRAS,LA GLUEYRE A LA PLAGE DE FONTUGNE,4.565540000000000,44.822400000000002,5B,5B,5B,5I,5I,5I,5I,8S
"249",ARDECHE,"07",Métropole,Métropole,douce,,JAUJAC,LE LIGNON AU LIEU DIT LA TURBINE,4.255080000000000,44.639899999999997,5N,4B,5E,5E,5E,5B,5B,5B
"250",ARDECHE,"07",Métropole,Métropole,douce,,JOYEUSE,LA BEAUME A LA PLAGE DU PETIT ROCHER,4.237310000000000,44.486400000000003,5E,4E,5E,5E,5E,5E,5E,5E
"251",ARDECHE,"07",Métropole,Métropole,douce,,LABATIE-D'ANDAURE,LE DOUX A LA PLAGE DE LABATIE,4.495960000000000,45.027000000000001,5E,5E,5E,5E,5B,5B,5B,5B
"252",ARDECHE,"07",Métropole,Métropole,douce,,LABEAUME,LA BEAUME A LA PLAGE DE PEYROCHE,4.329010000000000,44.450000000000003,5I,4S,5S,5I,5I,5I,5I,9I
"253",ARDECHE,"07",Métropole,Métropole,douce,,LABEAUME,LA BEAUME A LA PLAGE DU VILLAGE DE LABEAUME,4.307780000000000,44.448399999999999,5E,4E,5E,5E,5E,5B,5B,5B
"254",ARDECHE,"07",Métropole,Métropole,douce,,LAC-D'ISSARLES (LE),LE LAC D'ISSARLES,4.064570000000000,44.816499999999998,5E,5E,5E,5E,5E,5E,5E,5E
"255",ARDECHE,"07",Métropole,Métropole,douce,,LACHAPELLE-SOUS-CHANEAC,LA SALIOUSE A LA PLAGE LA BACHASSE,4.329810000000000,44.947400000000002,5B,5B,5B,5S,5S,5B,5B,5B
"256",ARDECHE,"07",Métropole,Métropole,douce,,LAGORCE,L'IBIE AU TROU DE LA LUNE,,,,,,,1N,5N,5N,5N
"257",ARDECHE,"07",Métropole,Métropole,douce,,LALEVADE-D'ARDECHE,L'ARDECHE A LA PLAGE DE LA CLAPE,4.325990000000000,44.651499999999999,5B,4B,5S,5B,5E,5E,5E,5B
"258",ARDECHE,"07",Métropole,Métropole,douce,,LAMASTRE,LE DOUX AU LIEU DIT LE RETOURTOUR,4.562710000000000,44.989500000000000,5S,5E,5E,5E,5B,5B,5S,9B
"259",ARDECHE,"07",Métropole,Métropole,douce,,LYAS,LE MEZAYON AU LIEU DIT LA NEUVE,4.583580000000000,44.743600000000001,5B,5B,5B,4B,5S,5B,5B,5B
"260",ARDECHE,"07",Métropole,Métropole,douce,,OLLIERES-SUR-EYRIEUX (LES),L'EYRIEUX A LA PLAGE DE LA THEOULE,4.616840000000000,44.804000000000002,5S,5B,5B,5S,5S,5S,5I,9B
"261",ARDECHE,"07",Métropole,Métropole,douce,,ROCHEPAULE,LE DOUX A LA PLAGE DE ROCHEPAULE,4.482400000000000,45.083500000000001,4E,5E,5E,5E,5E,5E,5B,8B
"262",ARDECHE,"07",Métropole,Métropole,douce,,ROSIERES,LA BEAUME A LA PLAGE DE LA TOURASSE,4.253430000000000,44.480200000000004,4I,4I,5I,5S,5S,5B,5S,9I
"263",ARDECHE,"07",Métropole,Métropole,douce,,RUOMS,L'ARDECHE AU LIEU-DIT MOULIN DU GRAZEL,,,,,,,,6N,5N,5N
"264",ARDECHE,"07",Métropole,Métropole,douce,,RUOMS,L'ARDECHE A LA PLAGE DU STADE,4.335460000000000,44.451700000000002,5E,4E,5E,5E,5E,5B,5B,5B
"265",ARDECHE,"07",Métropole,Métropole,douce,,SAINT-FORTUNAT-SUR-EYRIEUX,L'EYRIEUX AU LIEU DIT LE PIGEONNIER,4.682080000000000,44.828499999999998,5B,5E,5E,5B,5B,5E,5B,5E
"266",ARDECHE,"07",Métropole,Métropole,douce,,SAINT-JEAN-LE-CENTENIER,LA CLADUEGNE AU PLAN D'EAU DU CAMPING DES ARCHES,4.527500000000000,44.588799999999999,5N,5N,5B,5B,5B,5B,5S,9B
"267",ARDECHE,"07",Métropole,Métropole,douce,,SAINT-JUST-D'ARDECHE,L'ARDECHE A LA PLAGE DU PONT CASSE,4.617480000000000,44.278599999999997,5E,4E,5E,6E,6E,6E,6E,6E
"268",ARDECHE,"07",Métropole,Métropole,douce,,SAINT-LAURENT-LES-BAINS-LAV,LAAL-BDO'ARUNREEALLUECAMPING LE CEYTROU,,,,,,5N,5N,5N,5B,7I
"269",ARDECHE,"07",Métropole,Métropole,douce,,SAINT-MARTIAL,LE LAC DE ST MARTIAL,4.279260000000000,44.866799999999998,5E,5E,5E,5E,5E,5E,5E,5E
"270",ARDECHE,"07",Métropole,Métropole,douce,,SAINT-MARTIN-D'ARDECHE,L'ARDECHE A LA PLAGE DE SAUZE,4.551970000000000,44.312399999999997,5E,4E,5E,5E,5E,5E,5E,5E
"271",ARDECHE,"07",Métropole,Métropole,douce,,SAINT-MARTIN-D'ARDECHE,L'ARDECHE A LA PLAGE DU GRAIN DE SEL,4.561380000000000,44.302500000000002,5E,4E,5E,5E,5E,5E,5E,5E
"272",ARDECHE,"07",Métropole,Métropole,douce,,SAINT-MARTIN-DE-VALAMAS,LA SALIOUSE A LA PLAGE DE ST MARTIN,4.366920000000000,44.941499999999998,5E,5E,5E,5E,5E,5E,5E,5E
"273",ARDECHE,"07",Métropole,Métropole,douce,,SALAVAS,L'ARDECHE AVAL PONT DE SALAVAS,4.394170000000000,44.395099999999999,5N,5N,5E,5E,5E,5E,5B,5B
"274",ARDECHE,"07",Métropole,Métropole,douce,,SAMPZON,L'ARDECHE A LA PLAGE DE SAMPZON,4.354680000000000,44.426499999999997,5E,4E,5E,5E,5E,5E,5E,5E
"275",ARDECHE,"07",Métropole,Métropole,douce,,SOUCHE (LA),LE LIGNON A LA PLAGE COMMUNALE,4.197970000000000,44.629899999999999,5B,4E,5E,5E,5E,5E,5E,5E
"276",ARDECHE,"07",Métropole,Métropole,douce,,THUEYTS,L'ARDECHE AU PONT DU DIABLE,4.221380000000000,44.671300000000002,5S,5E,5E,5E,5E,5E,5E,5E
"277",ARDECHE,"07",Métropole,Métropole,douce,,VALLEES-D'ANTRAIGUES-ASPER,JLOECMAS AU PLAN D'EAU DU PAL,4.359630000000000,44.720399999999998,5B,5B,5B,5E,5E,5E,5B,6E
"278",ARDECHE,"07",Métropole,Métropole,douce,,VALLON-PONT-D'ARC,L'ARDECHE AMONT PONT D'ARC,4.414410000000000,44.381799999999998,,,5N,5N,5B,5B,5S,9S
"279",ARDECHE,"07",Métropole,Métropole,douce,,VALLON-PONT-D'ARC,L'ARDECHE AU LIEU DIT LES TUNNELS,4.406330000000000,44.389000000000003,5B,4E,5E,5E,5E,5E,5B,5B
"280",ARDECHE,"07",Métropole,Métropole,douce,,VALLON-PONT-D'ARC,L'ARDECHE AVAL PONT D'ARC,4.415980000000000,44.382399999999997,5S,4S,5S,5B,5I,5I,5S,9S
"281",ARDECHE,"07",Métropole,Métropole,douce,,VANS (LES),LE CHASSEZAC AU MALPAS CORNILLON,4.183240000000000,44.408700000000003,5B,4B,5B,5B,5E,5E,5E,5E
"282",ARDECHE,"07",Métropole,Métropole,douce,,VERNOUX-EN-VIVARAIS,LE LAC AUX RAMIERS,4.655270000000000,44.896700000000003,,5N,5N,5B,5B,5E,5B,5E
"283",ARDECHE,"07",Métropole,Métropole,douce,,VOGUE,L'ARDECHE A LA PLAGE DU VIEUX PONT,4.412880000000000,44.549500000000002,5I,4I,5S,5S,5B,5B,5S,7S
"284",ARDENNES,"08",Métropole,Métropole,douce,,GIVET,BAIGNADE,4.826100000000000,50.145400000000002,5E,0P,,0N,,,,
"285",ARDENNES,"08",Métropole,Métropole,douce,,BAIRON ET SES ENVIRONS,LAC DE BAIRON,4.783090000000000,49.526100000000000,6E,7E,5E,6E,6E,6E,9E,5E
"286",ARDENNES,"08",Métropole,Métropole,douce,,BUZANCY,LA SAMARITAINE,4.941260000000000,49.425100000000000,5E,6E,5E,6E,6N,2P,6E,5E
"287",ARDENNES,"08",Métropole,Métropole,douce,,CHARLEVILLE-MEZIERES,LA WARENNE,4.684460000000000,49.759999999999998,5E,5E,5E,5E,5E,6E,6B,5B
"288",ARDENNES,"08",Métropole,Métropole,douce,,DOUZY,LE LAC,5.048010000000000,49.661799999999999,6E,5E,5E,6E,5E,6E,9E,5E
"289",ARDENNES,"08",Métropole,Métropole,douce,,MAZURES (LES),LES VIEILLES FORGES,4.605560000000000,49.871299999999998,6E,6E,5E,6E,5E,6B,7B,4B
"290",ARDENNES,"08",Métropole,Métropole,douce,,SEDAN,NOUVELLE BAIGNADE DE SEDAN,4.947070000000000,49.688099999999999,25E,5E,5E,5E,5E,5E,5E,5E
"291",ARDENNES,"08",Métropole,Métropole,douce,,SIGNY-LE-PETIT,ETANG LAMOTTE,4.298730000000000,49.917499999999997,5E,5E,5E,5E,5E,6E,6E,5E
"292",ARIEGE,"09",Métropole,Métropole,douce,,BASTIDE-DE-SEROU (LA),PLAN D'EAU MONDELY,1.437810000000000,43.050500000000000,5B,5E,5E,5E,5E,5E,5E,5E
"293",ARIEGE,"09",Métropole,Métropole,douce,,CARLA-BAYLE,CARLA-BAYLE PLAN D'EAU,1.382380000000000,43.149900000000002,5E,5E,5E,5E,5E,5E,5E,5E
"294",ARIEGE,"09",Métropole,Métropole,douce,,LERAN,LAC DE MONTBEL COTE LERAN,1.938400000000000,42.981800000000000,5E,5E,5E,5E,5E,5E,5E,5E
"295",ARIEGE,"09",Métropole,Métropole,douce,,MONTBEL,LAC DE MONTBEL COTE MONTBEL,1.970480000000000,42.977899999999998,5P,5P,5E,5E,5E,5E,5E,5E
"296",ARIEGE,"09",Métropole,Métropole,douce,,SAINTE-CROIX-VOLVESTRE,LAC DE STE CROIX VOLVESTRE,1.178530000000000,43.123199999999997,5E,2P,5E,5P,5P,5E,5E,5E
"297",ARIEGE,"09",Métropole,Métropole,douce,,SAINT-YBARS,LAC DE SAINT YBARS,1.379700000000000,43.235900000000001,5N,5P,5E,5E,5E,,5E,5E
"298",ARIEGE,"09",Métropole,Métropole,douce,,SAVERDUN,SAS Petit baigneur AQUAPLAYPARK,,,,,,,,,,5N
"299",AUBE,"10",Métropole,Métropole,douce,,CHAPPES,CHAPPES,4.246900000000000,48.167600000000000,5B,5B,4B,5B,4E,5B,6E,10B
"300",AUBE,"10",Métropole,Métropole,douce,,CLEREY,CLEREY LES TERRES ROUGES,4.166810000000000,48.200099999999999,5E,4E,5E,5E,4E,6E,2P,3P
